[
  {
    "song_id": "0146d01afb742b01f28ab8b556f9a75d",
    "liked": true,
    "play_count": 228,
    "song": {
      "id": "0146d01afb742b01f28ab8b556f9a75d",
      "album_id": 1363,
      "artist_id": 430,
      "title": "The Show Must Go On",
      "length": 407.32999999999998,
      "track": 0,
      "disc": 1,
      "created_at": "2017-02-07 10:35:03",
      "artist": {
        "id": 430,
        "name": "Queen",
        "image": "https://koel.yourdomain.net/img/artists/5a7727c2afbb09.08223866.png"
      },
      "album": {
        "id": 1363,
        "artist_id": 430,
        "name": "Innuendo",
        "cover": "https://koel.yourdomain.net/img/covers/5899a2d7a19c90.72864263.jpg",
        "created_at": "2017-02-07 10:35:03",
        "is_compilation": false
      }
    },
    "user": {
      "id": 1,
      "name": "John Doe",
      "email": "john@doe.com",
      "is_admin": true,
      "preferences": {
        "lastfm_session_key": "hidden"
      }
    }
  },
  {
    "...": "..."
  }
]
